,Price
0,1.75
1,12.5
2,4.5
3,6.0
4,17.74
5,2.35
6,3.5
7,17.5
8,5.2
9,1.95
10,9.95
11,4.49
12,5.6
13,27.0
14,17.5
15,15.0
16,5.4
17,5.99
18,6.34
19,28.0
20,18.55
21,8.25
22,23.5
23,1.87
24,2.85
25,4.25
26,4.25
27,2.75
28,9.9
29,4.0
30,7.75
31,6.75
32,12.5
33,11.5
34,6.98
35,1.85
36,8.63
37,4.85
38,28.0
39,5.0
40,1.25
41,1.53
42,5.58
43,4.74
44,8.85
45,10.11
46,4.25
47,10.95
48,3.85
49,5.5
50,21.43
51,4.25
52,3.3
53,3.85
54,3.6
55,3.99
56,3.3
57,2.07
58,7.75
59,2.25
60,16.5
61,2.75
62,26.7
63,10.0
64,2.5
65,13.5
66,1.85
67,35.67
68,8.15
69,10.5
70,14.5
71,9.65
72,3.48
73,6.92
74,6.46
75,29.5
76,4.5
77,11.75
78,3.75
79,4.5
80,4.82
81,2.8
82,3.11
83,3.25
84,13.9
85,2.25
86,5.75
87,5.0
88,16.5
89,39.58
90,5.5
91,8.1
92,3.5
93,2.79
94,3.45
95,4.45
96,2.65
97,3.8
98,4.65
99,3.95
100,9.8
101,2.7
102,2.41
103,3.9
104,24.0
105,5.75
106,5.25
107,19.25
108,3.91
109,2.15
110,20.75
111,3.35
112,11.11
113,20.0
114,6.55
115,7.0
116,7.5
117,16.75
118,10.95
119,2.45
120,3.23
121,7.75
122,9.35
123,3.25
124,5.25
125,7.25
126,7.47
127,13.25
128,5.81
129,2.6
130,54.0
131,11.5
132,1.6
133,17.22
134,6.0
135,3.95
136,17.95
137,3.7
138,5.43
139,13.49
140,2.85
141,4.75
142,9.9
143,37.0
144,26.5
145,23.32
146,6.25
147,30.0
148,9.86
149,8.5
150,4.23
151,3.5
152,2.5
153,2.39
154,11.25
155,7.11
156,10.9
157,6.2
158,7.9
159,4.42
160,13.5
161,6.25
162,2.1
163,45.0
164,33.66
165,3.65
166,2.75
167,42.5
168,6.5
169,19.0
170,4.45
171,23.0
172,8.35
173,22.95
174,1.5
175,6.89
176,1.45
177,33.5
178,1.25
179,4.2
180,6.75
181,32.0
182,7.5
183,4.6
184,4.04
185,10.31
186,55.76
187,2.6
188,8.5
189,3.5
190,3.55
191,3.25
192,4.5
193,5.35
194,6.5
195,9.0
196,6.0
197,2.75
198,1.5
199,19.9
200,10.0
201,3.0
202,11.96
203,3.25
204,4.75
205,5.95
206,8.15
207,4.22
208,10.5
209,45.0
210,2.9
211,8.9
212,26.0
213,8.22
214,3.5
215,1.25
216,3.7
217,39.41
218,2.65
219,8.92
220,35.67
221,0.85
222,3.32
223,3.6
224,6.8
225,2.5
226,19.64
227,7.0
228,3.87
229,6.27
230,18.12
231,2.65
232,7.2
233,14.3
234,6.9
235,10.75
236,8.09
237,18.5
238,4.75
239,8.45
240,3.5
241,1.8
242,3.7
243,7.17
244,1.75
245,21.99
246,18.65
247,1.85
248,5.95
249,3.75
250,3.75
251,2.6
252,2.8
253,61.29
254,18.0
255,4.35
256,13.75
257,2.0
258,10.0
259,1.65
260,45.77
261,3.25
262,12.8
263,0.55
264,7.15
265,7.0
266,3.75
267,8.5
268,4.35
269,3.26
270,4.21
271,70.36
272,2.95
273,4.28
274,3.57
275,3.11
276,5.96
277,4.7
278,6.9
279,5.25
280,28.0
281,1.35
282,4.85
283,6.7
284,3.1
285,18.64
286,2.8
287,20.25
288,26.78
289,8.26
290,3.89
291,2.1
292,12.69
293,2.58
294,20.77
295,20.26
296,4.25
297,57.0
298,44.0
299,3.65
300,2.05
301,3.13
302,1.5
303,2.85
304,2.65
305,10.6
306,1.25
307,8.25
308,4.45
309,3.7
310,2.8
311,1.8
312,21.95
313,49.0
314,62.67
315,1.4
316,5.5
317,2.95
318,6.86
319,6.15
320,3.3
321,2.55
322,1.5
323,2.5
324,1.4
325,3.4
326,2.25
327,7.5
328,2.8
329,7.66
330,7.15
331,3.5
332,3.5
333,3.45
334,3.55
335,25.99
336,5.25
337,2.9
338,2.05
339,3.75
340,6.75
341,0.95
342,52.0
343,3.91
344,27.3
345,2.7
346,3.5
347,6.2
348,2.75
349,3.25
350,3.25
351,0.65
352,35.0
353,3.25
354,2.9
355,2.9
356,17.75
357,8.25
358,5.77
359,9.49
360,12.95
361,20.0
362,1.0
363,7.1
364,16.5
365,26.0
366,3.2
367,9.48
368,4.0
369,26.5
370,11.77
371,37.0
372,8.75
373,3.75
374,2.5
375,34.5
376,4.65
377,32.0
378,62.81
379,3.25
380,3.1
381,3.91
382,11.0
383,3.5
384,16.5
385,30.0
386,28.0
387,28.0
388,0.92
389,2.75
390,53.83
391,4.95
392,33.5
393,27.95
394,7.25
395,25.71
396,29.67
397,19.0
398,13.05
399,25.5
400,8.5
401,7.25
402,0.8
403,6.9
404,70.99
405,2.25
406,5.5
407,4.35
408,2.25
409,24.5
410,12.03
411,8.5
412,28.5
413,5.75
414,3.2
415,9.89
416,6.58
417,4.06
418,13.37
419,25.82
420,3.74
421,22.0
422,1.45
423,2.0
424,4.7
425,3.75
426,7.7
427,2.6
428,13.77
429,7.1
430,2.65
431,2.5
432,7.53
433,7.98
434,39.0
435,2.25
436,3.85
437,13.5
438,3.5
439,8.92
440,20.37
441,36.5
442,48.91
443,7.2
444,5.99
445,5.25
446,6.5
447,4.4
448,4.6
449,2.95
450,3.26
451,2.22
452,10.5
453,8.26
454,14.45
455,51.43
456,23.0
457,5.5
458,4.5
459,6.8
460,8.75
461,7.0
462,33.5
463,2.25
464,4.24
465,28.42
466,2.75
467,3.0
468,3.55
469,4.8
470,13.5
471,56.0
472,3.99
473,15.5
474,2.32
475,18.58
476,5.5
477,3.2
478,4.0
479,1.6
480,4.15
481,4.25
482,2.6
483,3.43
484,2.55
485,32.0
486,6.25
487,3.6
488,18.5
489,4.25
490,4.8
491,13.0
492,2.25
493,2.3
494,13.56
495,12.25
496,3.76
497,8.58
498,27.5
499,4.95
500,3.3
501,8.0
502,2.79
503,45.64
504,2.55
505,1.0
506,37.56
507,9.29
508,6.37
509,2.98
510,5.75
511,13.0
512,6.8
513,10.49
514,5.6
515,2.85
516,8.36
517,1.0
518,10.75
519,3.85
520,3.0
521,9.6
522,13.25
523,5.75
524,6.75
525,4.85
526,38.99
527,2.85
528,9.51
529,18.5
530,6.75
531,29.4
532,3.29
533,9.5
534,2.2
535,6.5
536,4.9
537,6.75
538,3.8
539,29.5
540,10.5
541,6.2
542,5.0
543,2.3
544,17.0
545,25.5
546,5.65
547,5.6
548,29.98
549,7.39
550,19.0
551,5.0
552,3.35
553,4.45
554,8.31
555,6.0
556,5.25
557,12.3
558,1.5
559,8.12
560,6.12
561,10.88
562,3.5
563,6.15
564,33.0
565,13.5
566,17.11
567,29.77
568,5.95
569,5.75
570,19.0
571,4.75
572,3.3
573,16.5
574,44.0
575,4.39
576,6.2
577,24.22
578,5.45
579,44.0
580,24.82
581,11.69
582,20.0
583,1.45
584,48.5
585,9.45
586,12.5
587,6.9
588,5.8
589,44.56
590,8.5
591,10.7
592,12.0
593,2.44
594,1.95
595,4.35
596,17.5
597,2.9
598,2.9
599,8.9
600,16.75
601,3.95
602,2.1
603,4.29
604,3.85
605,9.0
606,4.5
607,12.46
608,4.65
609,20.5
610,2.9
611,1.45
612,29.5
613,25.0
614,3.5
615,11.25
616,10.79
617,5.9
618,5.12
619,5.7
620,35.84
621,1.25
622,2.65
623,9.19
624,23.5
625,12.5
626,1.5
627,8.1
628,9.75
629,37.93
630,1.96
631,20.5
632,2.75
633,75.0
634,2.8
635,9.25
636,3.0
637,23.89
638,12.75
639,4.15
640,4.65
641,8.9
642,1.5
643,3.27
644,18.0
645,6.3
646,11.31
647,6.16
648,6.0
649,5.43
650,4.65
651,7.5
652,6.25
653,9.25
654,3.15
655,2.3
656,5.25
657,7.4
658,1.55
659,6.0
660,5.9
661,4.7
662,6.5
663,3.55
664,7.1
665,6.0
666,7.99
667,4.1
668,3.95
669,4.38
670,2.75
671,55.54
672,29.0
673,6.6
674,6.99
675,18.75
676,1.28
677,1.2
678,4.31
679,16.5
680,5.64
681,31.12
682,25.46
683,7.88
684,36.0
685,30.0
686,2.85
687,3.5
688,7.5
689,19.0
690,54.0
691,4.7
692,8.5
693,17.0
694,3.51
695,19.5
696,17.0
697,43.35
698,2.65
699,3.52
700,6.25
701,24.75
702,5.25
703,11.0
704,9.1
705,3.25
706,8.5
707,3.1
708,19.86
709,4.9
710,5.7
711,2.9
712,7.83
713,8.15
714,2.0
715,6.25
716,3.19
717,7.75
718,3.2
719,4.9
720,3.8
721,4.0
722,23.5
723,1.15
724,10.65
725,35.68
726,31.94
727,4.2
728,9.9
729,15.46
730,8.46
731,3.25
732,2.6
733,5.2
734,1.8
735,1.6
736,2.5
737,2.5
738,6.7
739,1.2
740,35.55
741,7.75
742,1.94
743,2.2
744,3.8
745,15.65
746,39.47
747,1.5
748,8.85
749,17.9
750,5.08
751,6.25
752,22.75
753,1.46
754,2.05
755,4.08
756,4.55
757,14.0
758,10.9
759,2.45
760,15.8
761,8.25
762,8.5
763,15.54
764,2.35
765,4.32
766,3.9
767,5.2
768,5.85
769,6.25
770,17.63
771,9.75
772,55.0
773,4.1
774,11.99
775,13.54
776,56.0
777,6.5
778,4.75
779,5.6
780,29.2
781,6.35
782,4.95
783,8.5
784,4.5
785,5.5
786,6.56
787,2.3
788,3.5
789,4.55
790,7.75
791,5.25
792,23.29
793,23.99
794,1.79
795,13.9
796,18.95
797,2.49
798,3.15
799,6.45
800,4.25
801,2.75
802,7.14
803,3.5
804,7.3
805,2.75
806,8.2
807,6.51
808,4.25
809,6.21
810,4.58
811,7.5
812,2.1
813,4.09
814,10.75
815,41.5
816,4.4
817,6.25
818,10.5
819,7.25
820,3.2
821,3.95
822,12.07
823,18.6
824,5.7
825,1.75
826,10.99
827,14.5
828,3.11
829,13.96
830,7.11
831,6.9
832,7.77
833,5.5
834,5.35
835,4.5
836,4.75
837,32.8
838,0.7
839,50.29
840,10.99
841,5.57
842,5.9
843,9.43
844,2.9
845,3.68
846,21.67
847,12.5
848,19.92
849,6.75
850,6.96
851,3.25
852,8.65
853,5.0
854,5.5
855,2.6
856,3.41
857,2.7
858,5.5
859,35.0
860,9.75
861,4.25
862,3.2
863,6.85
864,4.5
865,3.55
866,1.9
867,3.6
868,21.8
869,13.5
870,2.66
871,3.75
872,32.0
873,8.07
874,5.64
875,23.99
876,7.5
877,27.0
878,2.85
879,6.35
880,3.3
881,5.0
882,6.46
883,3.75
884,1.52
885,3.61
886,43.74
887,20.0
888,3.65
889,5.25
890,58.0
891,8.65
892,2.5
893,7.75
894,4.15
895,10.85
896,5.53
897,11.5
898,9.25
899,2.29
900,7.0
901,1.65
902,8.25
903,9.14
904,6.5
905,5.75
906,2.85
907,2.1
908,13.55
909,20.5
910,20.0
911,59.72
912,6.5
913,7.5
914,2.15
915,8.44
916,12.49
917,5.48
918,4.2
919,7.2
920,4.8
921,5.83
922,18.39
923,5.85
924,6.21
925,3.65
926,3.7
927,30.0
928,4.85
929,6.93
930,2.6
931,1.89
932,39.5
933,10.0
934,9.95
935,9.45
936,28.25
937,1.8
938,1.4
939,7.25
940,3.6
941,1.2
942,4.94
943,1.25
944,4.8
945,31.15
946,3.3
947,2.4
948,2.0
949,3.1
950,5.09
951,1.05
952,7.0
953,2.5
954,17.5
955,2.1
956,17.75
957,1.45
958,2.45
959,13.8
960,5.85
961,8.9
962,5.15
963,16.56
964,1.65
965,16.0
966,1.45
967,8.08
968,4.5
969,4.3
970,2.6
971,4.45
972,5.37
973,1.75
974,16.5
975,19.0
976,2.8
977,6.2
978,3.8
979,6.1
980,11.65
981,4.15
982,16.5
983,4.3
984,2.25
985,6.75
986,9.4
987,5.39
988,8.51
989,1.85
990,2.5
991,4.75
992,3.5
993,5.5
994,6.33
995,2.47
996,3.3
997,3.5
998,38.75
999,7.99
1000,13.28
1001,9.5
1002,14.01
1003,6.99
1004,11.0
1005,11.0
1006,2.3
1007,26.5
1008,67.0
1009,17.75
1010,4.8
1011,4.57
1012,3.5
1013,7.61
1014,25.0
1015,5.88
1016,13.5
1017,4.6
1018,4.9
1019,5.25
1020,12.41
1021,3.8
1022,8.95
1023,7.2
1024,4.5
1025,4.15
1026,7.94
1027,7.25
1028,3.7
1029,2.45
1030,1.5
1031,12.0
1032,2.2
1033,3.6
1034,1.92
1035,20.5
1036,4.25
1037,3.2
1038,3.85
1039,3.48
1040,4.55
1041,7.0
1042,5.75
1043,8.73
1044,1.7
1045,29.5
1046,10.49
1047,64.0
1048,7.55
1049,3.95
1050,3.25
1051,2.75
1052,7.35
1053,4.7
1054,8.77
1055,3.42
1056,2.5
1057,20.0
1058,5.25
1059,14.5
1060,3.45
1061,3.3
1062,51.0
1063,6.5
1064,3.65
1065,7.25
1066,6.01
1067,2.8
1068,4.0
1069,5.95
1070,9.2
1071,5.35
1072,12.0
1073,38.94
1074,2.69
1075,27.5
1076,2.75
1077,2.8
1078,6.45
1079,5.88
1080,4.65
1081,2.5
1082,51.35
1083,6.85
1084,5.25
1085,9.23
1086,22.0
1087,5.19
1088,4.35
1089,24.5
1090,5.75
1091,9.19
1092,10.75
1093,2.99
1094,3.89
1095,11.73
1096,3.11
1097,14.45
1098,8.7
1099,5.04
1100,8.5
1101,15.65
1102,5.65
1103,16.5
1104,2.0
1105,3.9
1106,14.5
1107,44.0
1108,5.0
1109,19.75
1110,11.44
1111,1.75
1112,30.42
1113,9.57
1114,3.5
1115,10.46
1116,4.85
1117,5.68
1118,13.25
1119,16.0
1120,3.0
1121,5.0
1122,4.75
1123,5.35
1124,5.98
1125,3.5
1126,4.77
1127,5.45
1128,6.85
1129,7.3
1130,1.25
1131,8.25
1132,2.71
1133,3.6
1134,3.0
1135,4.65
1136,9.5
1137,2.95
1138,3.0
1139,5.95
1140,4.0
1141,2.5
1142,11.37
1143,2.25
1144,3.1
1145,17.18
1146,6.5
1147,5.7
1148,8.0
1149,2.6
1150,2.45
1151,11.57
1152,2.3
1153,5.9
1154,7.2
1155,5.9
1156,6.0
1157,1.95
1158,6.55
1159,25.0
1160,2.65
1161,69.5
1162,14.0
1163,2.1
1164,20.4
1165,5.68
1166,5.55
1167,12.75
1168,3.35
1169,1.55
1170,5.9
1171,18.98
1172,11.51
1173,7.75
1174,13.9
1175,1.35
1176,38.0
1177,11.6
1178,12.25
1179,3.8
1180,3.25
1181,6.4
1182,3.95
1183,3.57
1184,1.25
1185,3.65
1186,12.5
1187,23.0
1188,1.35
1189,6.32
1190,3.4
1191,0.77
1192,0.9
1193,18.0
1194,19.0
1195,1.1
1196,2.0
1197,6.5
1198,9.45
1199,4.0
1200,32.25
1201,2.1
1202,9.75
1203,6.3
1204,21.0
1205,4.65
1206,17.0
1207,4.35
1208,14.82
1209,40.0
1210,6.15
1211,11.25
1212,32.0
1213,45.62
1214,6.24
1215,4.8
1216,4.5
1217,3.87
1218,2.75
1219,6.57
1220,2.0
1221,3.65
1222,6.95
1223,5.5
1224,7.0
1225,24.0
1226,11.0
1227,32.5
1228,6.45
1229,15.75
1230,5.5
1231,19.03
1232,15.25
1233,2.4
1234,2.3
1235,14.35
1236,3.5
1237,11.97
1238,18.9
1239,5.4
1240,2.95
1241,5.1
1242,1.5
1243,4.9
1244,2.9
1245,1.15
1246,2.3
1247,5.99
1248,3.4
1249,1.7
1250,1.99
1251,2.5
1252,4.85
1253,2.65
1254,27.35
1255,6.9
1256,3.5
1257,12.5
1258,9.2
1259,4.9
1260,5.55
1261,13.5
1262,2.6
1263,4.5
1264,34.0
1265,12.0
1266,5.25
1267,21.56
1268,24.68
1269,3.67
1270,29.5
1271,3.1
1272,2.9
1273,43.0
1274,15.95
1275,4.5
1276,3.49
1277,4.25
1278,1.9
1279,16.57
1280,5.75
1281,14.0
1282,2.5
1283,1.2
1284,13.95
1285,1.6
1286,3.6
1287,4.5
1288,6.06
1289,5.29
1290,5.75
1291,5.72
1292,4.39
1293,11.05
1294,4.83
1295,2.96
1296,4.5
1297,19.5
1298,8.75
1299,67.0
1300,8.4
1301,4.99
1302,8.18
1303,2.9
1304,7.1
1305,7.05
1306,17.5
1307,3.41
1308,5.68
1309,4.1
1310,4.0
1311,30.0
1312,1.8
1313,6.93
1314,70.0
1315,7.9
1316,2.78
1317,14.4
1318,13.5
1319,3.15
1320,2.88
1321,2.15
1322,3.75
1323,3.6
1324,3.6
1325,7.55
1326,4.7
1327,1.6
1328,3.34
1329,9.1
1330,6.17
1331,2.5
1332,3.0
1333,5.75
1334,10.75
1335,2.85
1336,6.5
1337,9.45
1338,6.75
1339,7.75
1340,4.4
1341,42.0
1342,5.67
1343,11.5
1344,1.69
1345,1.8
1346,3.2
1347,45.86
1348,5.1
1349,2.4
1350,22.0
1351,4.28
1352,5.67
1353,6.2
1354,14.49
1355,3.0
1356,2.25
1357,43.78
1358,11.45
1359,10.5
1360,7.48
1361,3.1
1362,2.55
1363,3.5
1364,2.59
1365,5.45
1366,6.0
1367,15.49
1368,12.5
1369,4.75
1370,7.85
1371,6.0
1372,4.0
1373,28.75
1374,2.5
1375,5.5
1376,1.59
1377,6.22
1378,2.75
1379,25.0
1380,2.8
1381,2.45
1382,6.35
1383,8.0
1384,8.25
1385,5.95
1386,19.92
1387,3.15
1388,5.75
1389,32.44
1390,8.01
1391,6.48
1392,0.75
1393,5.0
1394,7.75
1395,2.6
1396,9.2
1397,5.05
1398,9.6
1399,5.5
1400,9.35
1401,2.6
1402,3.5
1403,4.26
1404,4.25
1405,11.75
1406,3.5
1407,7.5
1408,3.25
1409,4.9
1410,27.0
1411,8.91
1412,6.69
1413,6.02
1414,4.5
1415,2.0
1416,2.4
1417,1.2
1418,2.9
1419,27.0
1420,7.5
1421,1.5
1422,39.5
1423,3.39
1424,12.4
1425,6.85
1426,5.75
1427,2.0
1428,0.9
1429,3.8
1430,16.35
1431,16.5
1432,8.7
1433,6.1
1434,21.94
1435,22.0
1436,2.65
1437,5.27
1438,2.48
1439,6.0
1440,8.9
1441,18.0
1442,11.64
1443,8.99
1444,5.25
1445,2.95
1446,2.65
1447,4.0
1448,12.5
1449,3.25
1450,4.0
1451,6.25
1452,5.8
1453,5.0
1454,58.73
1455,17.49
1456,1.95
1457,3.0
1458,5.5
1459,16.5
1460,14.5
1461,7.79
1462,8.27
1463,97.07
1464,2.15
1465,3.0
1466,28.79
1467,5.45
1468,3.95
1469,16.0
1470,4.25
1471,34.5
1472,2.6
1473,13.48
1474,32.1
1475,6.17
1476,5.5
1477,9.15
1478,4.5
1479,10.5
1480,5.37
1481,5.45
1482,9.25
1483,7.7
1484,7.99
1485,3.0
1486,4.0
1487,6.69
1488,4.25
1489,10.5
1490,22.55
1491,5.2
1492,11.87
1493,6.99
1494,5.0
1495,44.0
1496,2.79
1497,2.9
1498,9.85
1499,49.0
1500,9.25
1501,3.75
1502,7.29
1503,23.5
1504,2.6
1505,3.1
1506,29.98
1507,6.73
1508,3.5
1509,2.35
1510,16.13
1511,5.9
1512,3.9
1513,6.95
1514,7.0
1515,7.23
1516,3.81
1517,4.5
1518,12.6
1519,48.0
1520,2.96
1521,3.25
1522,8.5
1523,8.75
1524,3.08
1525,41.5
1526,7.0
1527,11.5
1528,2.6
1529,4.3
1530,8.35
1531,24.9
1532,13.75
1533,3.85
1534,23.25
1535,5.75
1536,1.65
1537,6.5
1538,7.5
1539,72.94
1540,11.0
1541,3.02
1542,3.32
1543,3.24
1544,2.35
1545,5.5
1546,6.75
1547,6.15
1548,5.45
1549,2.3
1550,6.21
1551,5.21
1552,11.99
1553,3.1
1554,7.5
1555,4.0
1556,7.73
1557,7.8
1558,1.3
1559,4.42
1560,4.0
1561,13.0
1562,5.38
1563,3.25
1564,3.87
1565,8.25
1566,9.28
1567,6.25
1568,1.15
1569,7.8
1570,4.5
1571,7.56
1572,16.08
1573,4.5
1574,5.0
1575,2.2
1576,4.0
1577,2.51
1578,4.75
1579,2.0
1580,2.1
1581,6.25
1582,10.6
1583,6.0
1584,0.45
1585,2.5
1586,12.75
1587,30.29
1588,1.6
1589,7.54
1590,6.84
1591,6.0
1592,8.0
1593,24.74
1594,5.5
1595,36.0
1596,11.79
1597,3.0
1598,6.75
1599,1.4
1600,5.75
1601,3.4
1602,4.89
1603,4.95
1604,3.49
1605,6.35
1606,7.08
1607,38.0
1608,6.25
1609,10.15
1610,10.75
1611,4.65
1612,4.75
1613,7.78
1614,6.75
1615,2.99
1616,2.35
1617,3.65
1618,2.74
1619,3.5
1620,4.76
1621,6.2
1622,2.35
1623,24.5
1624,6.0
1625,3.65
1626,6.26
1627,32.95
1628,7.8
1629,4.25
1630,4.86
1631,4.9
1632,7.06
1633,4.5
1634,3.22
1635,3.25
1636,4.53
1637,34.78
1638,6.5
1639,2.25
1640,8.0
1641,8.37
1642,5.39
1643,37.3
1644,70.8
1645,22.25
1646,6.03
1647,4.9
1648,3.96
1649,4.6
1650,5.5
1651,3.25
1652,6.25
1653,3.0
1654,4.25
1655,12.25
1656,10.95
1657,16.5
1658,7.8
1659,3.7
1660,4.0
1661,26.75
1662,28.03
1663,5.44
1664,6.2
1665,0.9
1666,3.95
1667,0.44
1668,2.75
1669,7.5
1670,2.5
1671,5.0
1672,3.6
1673,3.99
1674,5.64
1675,12.0
1676,0.7
1677,19.0
1678,30.48
1679,8.2
1680,7.55
1681,0.99
1682,4.15
1683,6.2
1684,4.4
1685,2.1
1686,2.2
1687,8.34
1688,4.35
1689,6.8
1690,3.3
1691,5.04
1692,9.2
1693,5.7
1694,8.48
1695,48.0
1696,6.1
1697,2.75
1698,8.0
1699,1.85
1700,3.85
1701,4.74
1702,5.63
1703,2.62
1704,4.9
1705,2.65
1706,5.99
1707,2.4
1708,4.25
1709,40.0
1710,2.7
1711,2.99
1712,3.4
1713,30.8
1714,5.85
1715,4.0
1716,14.12
1717,4.55
1718,38.0
1719,2.9
1720,6.0
1721,6.95
1722,2.75
1723,5.1
1724,6.75
1725,3.69
1726,5.45
1727,9.29
1728,4.0
1729,2.9
1730,5.25
1731,5.75
1732,13.12
1733,7.83
1734,3.15
1735,10.4
1736,4.35
1737,5.23
1738,6.01
1739,4.4
1740,12.75
1741,2.4
1742,5.71
1743,5.49
1744,1.3
1745,8.5
1746,12.99
1747,5.0
1748,9.0
1749,5.22
1750,3.8
1751,7.27
1752,5.1
1753,29.0
1754,2.9
1755,1.38
1756,5.5
1757,7.25
1758,6.98
1759,5.25
1760,1.95
1761,24.5
1762,8.31
1763,36.0
1764,5.5
1765,5.89
1766,7.95
1767,2.75
1768,6.25
1769,4.95
1770,6.27
1771,8.65
1772,3.5
1773,35.0
1774,4.45
1775,2.65
1776,4.7
1777,8.9
1778,17.45
1779,9.58
1780,6.22
1781,7.8
1782,27.75
1783,7.0
1784,64.87
1785,6.5
1786,2.7
1787,2.5
1788,3.9
1789,3.95
1790,2.1
1791,3.5
1792,2.0
1793,5.35
1794,3.8
1795,17.25
1796,5.53
1797,1.95
1798,8.2
1799,0.9
1800,6.5
1801,19.41
1802,6.58
1803,2.1
1804,2.0
1805,3.7
1806,3.8
1807,3.25
1808,5.53
1809,10.9
1810,5.1
1811,1.6
1812,11.25
1813,5.9
1814,14.4
1815,3.6
1816,40.5
1817,38.95
1818,3.6
1819,7.12
1820,7.52
1821,10.35
1822,7.0
1823,10.85
1824,2.35
1825,2.9
1826,7.65
1827,6.4
1828,10.1
1829,4.25
1830,19.65
1831,4.4
1832,3.25
1833,2.8
1834,4.3
1835,1.55
1836,4.7
1837,7.07
1838,79.0
1839,5.75
1840,3.25
1841,8.89
1842,5.9
1843,4.95
1844,3.75
1845,10.97
1846,24.94
1847,1.97
1848,1.4
1849,7.27
1850,4.0
1851,4.75
1852,5.1
1853,16.11
1854,10.55
1855,30.0
1856,1.6
1857,18.49
1858,9.96
1859,4.75
1860,3.65
1861,15.5
1862,11.82
1863,2.05
1864,3.3
1865,2.25
1866,20.12
1867,4.95
1868,7.48
1869,5.5
1870,13.19
1871,3.85
1872,5.75
1873,9.0
1874,2.21
1875,8.09
1876,48.63
1877,39.47
1878,22.24
1879,2.6
1880,12.0
1881,18.0
1882,9.99
1883,2.45
1884,8.99
1885,3.15
1886,8.2
1887,11.5
1888,7.3
1889,1.59
1890,3.15
1891,8.5
1892,3.0
1893,21.0
1894,7.75
1895,23.0
1896,13.75
1897,8.29
1898,5.79
1899,30.5
1900,3.8
1901,4.45
1902,3.3
1903,1.75
1904,5.5
1905,13.35
1906,22.5
1907,5.25
1908,3.75
1909,6.32
1910,7.75
1911,1.37
1912,2.1
1913,9.3
1914,12.0
1915,23.5
1916,1.8
1917,12.5
1918,4.74
1919,5.43
1920,31.62
1921,6.3
1922,8.45
1923,5.0
1924,13.0
1925,4.7
1926,93.67
1927,3.3
1928,1.51
1929,6.09
1930,5.95
1931,9.0
1932,4.25
1933,23.5
1934,6.35
1935,3.4
1936,93.0
1937,21.6
1938,4.0
1939,5.5
1940,19.25
1941,3.95
1942,4.25
1943,17.02
1944,6.5
1945,2.95
1946,7.12
1947,11.25
1948,2.75
1949,12.0
1950,3.67
1951,2.3
1952,2.2
1953,41.0
1954,28.5
1955,5.49
1956,17.5
1957,1.99
1958,6.64
1959,16.5
1960,5.0
1961,5.4
1962,2.99
1963,4.1
1964,6.76
1965,5.5
1966,5.99
1967,2.59
1968,26.75
1969,8.5
1970,23.0
1971,3.35
1972,10.75
1973,6.29
1974,7.75
1975,13.5
1976,3.75
1977,3.75
1978,1.5
1979,1.45
1980,4.12
1981,17.11
1982,10.25
1983,2.49
1984,3.85
1985,6.25
1986,4.88
1987,9.45
1988,4.8
1989,1.99
1990,2.8
1991,22.0
1992,4.3
1993,9.75
1994,5.9
1995,14.5
1996,2.4
1997,2.11
1998,7.6
1999,3.6
2000,6.0
2001,7.45
2002,2.1
2003,5.2
2004,6.36
2005,11.62
2006,43.6
2007,4.9
2008,6.7
2009,3.05
2010,25.0
2011,19.05
2012,4.5
2013,4.15
2014,11.9
2015,2.1
2016,6.95
2017,2.4
2018,2.65
2019,9.0
2020,2.1
2021,2.5
2022,8.95
2023,34.0
2024,4.0
2025,4.45
2026,1.5
2027,14.5
2028,8.41
2029,5.45
2030,8.9
2031,3.65
2032,29.0
2033,13.5
2034,5.4
2035,5.89
2036,8.45
2037,4.0
2038,45.0
2039,3.94
2040,8.0
2041,4.1
2042,6.25
2043,5.25
2044,83.96
2045,21.0
2046,4.3
2047,5.25
2048,32.0
2049,3.9
2050,2.2
2051,3.7
2052,11.27
2053,2.41
2054,19.0
2055,5.8
2056,13.52
2057,24.5
2058,3.25
2059,56.73
2060,9.95
2061,5.5
2062,25.0
2063,1.0
2064,2.15
2065,7.89
2066,10.25
2067,6.0
2068,7.53
2069,39.45
2070,5.84
2071,8.65
2072,7.74
2073,2.5
2074,5.7
2075,5.8
2076,36.5
2077,9.5
2078,4.55
2079,3.9
2080,2.7
2081,31.0
2082,10.3
2083,7.75
2084,3.2
2085,4.85
2086,34.08
2087,8.1
2088,2.35
2089,1.8
2090,3.42
2091,5.34
2092,31.99
2093,4.75
2094,6.1
2095,3.69
2096,15.0
2097,14.5
2098,5.65
2099,2.5
2100,38.5
2101,5.49
2102,3.55
2103,10.75
2104,11.0
2105,4.5
2106,8.42
2107,11.6
2108,33.63
2109,2.25
2110,12.95
2111,25.02
2112,3.95
2113,4.4
2114,4.95
2115,5.5
2116,3.25
2117,4.02
2118,11.73
2119,9.5
2120,8.6
2121,4.0
2122,5.55
2123,2.5
2124,41.6
2125,7.41
2126,6.5
2127,1.2
2128,23.0
2129,2.74
2130,3.9
2131,8.0
2132,4.0
2133,17.75
2134,5.05
2135,12.0
2136,29.6
2137,6.5
2138,4.75
2139,24.36
2140,3.2
2141,3.6
2142,3.58
2143,2.5
2144,3.5
2145,25.0
2146,1.75
2147,10.0
2148,7.75
2149,6.45
2150,10.0
2151,4.5
2152,3.4
2153,4.5
2154,4.3
2155,46.0
2156,3.4
2157,14.5
2158,2.1
2159,3.65
2160,3.0
2161,3.95
2162,6.75
2163,6.53
2164,22.0
2165,4.75
2166,5.99
2167,3.05
2168,2.4
2169,1.3
2170,6.71
2171,7.2
2172,5.4
2173,6.63
2174,7.5
2175,14.21
2176,3.0
2177,5.11
2178,3.39
2179,22.99
2180,2.35
2181,2.85
2182,18.5
2183,5.99
2184,3.0
2185,3.6
2186,24.0
2187,6.26
2188,13.7
2189,35.0
2190,5.02
2191,3.1
2192,5.5
2193,3.59
2194,4.65
2195,3.8
2196,12.5
2197,12.9
2198,2.35
2199,4.15
2200,22.58
2201,2.65
2202,2.25
2203,16.0
2204,19.5
2205,21.0
2206,17.5
2207,2.41
2208,29.93
2209,1.02
2210,11.0
2211,5.35
2212,5.65
2213,22.0
2214,5.95
2215,2.35
2216,4.1
2217,5.4
2218,8.45
2219,42.5
2220,10.75
2221,1.65
2222,11.03
2223,3.5
2224,6.3
2225,6.75
2226,7.5
2227,15.5
2228,4.65
2229,7.58
2230,2.2
2231,21.0
2232,5.25
2233,5.22
2234,2.0
2235,9.18
2236,1.74
2237,4.45
2238,4.95
2239,5.64
2240,6.9
2241,13.95
2242,17.0
2243,4.6
2244,5.21
2245,12.34
2246,1.5
2247,22.99
2248,40.0
2249,1.2
2250,2.9
2251,13.9
2252,7.85
2253,54.45
2254,4.75
2255,3.25
2256,7.1
2257,4.65
2258,5.0
2259,4.95
2260,9.8
2261,78.8
2262,2.99
2263,4.45
2264,0.75
2265,5.0
2266,5.0
2267,9.69
2268,5.5
2269,65.0
2270,5.11
2271,2.19
2272,4.25
2273,14.5
2274,5.65
2275,22.5
2276,1.5
2277,3.2
2278,4.5
2279,4.5
2280,8.0
2281,28.9
2282,4.1
2283,7.22
2284,5.8
2285,3.5
2286,6.35
2287,8.85
2288,2.0
2289,5.5
2290,2.3
2291,7.95
2292,6.16
2293,2.85
2294,25.0
2295,10.36
2296,26.0
2297,4.35
2298,4.5
2299,5.0
2300,3.67
2301,6.0
2302,6.34
2303,22.0
2304,1.67
2305,7.95
2306,9.74
2307,6.0
2308,21.5
2309,3.9
2310,2.35
2311,2.65
2312,3.16
2313,2.05
2314,2.95
2315,3.9
2316,6.68
2317,3.5
2318,8.11
2319,8.3
2320,45.61
2321,4.45
2322,7.85
2323,3.1
2324,3.75
2325,7.65
2326,4.9
2327,16.52
2328,14.05
2329,6.75
2330,9.2
2331,2.75
2332,20.5
2333,4.25
2334,6.0
2335,6.0
2336,2.41
2337,7.25
2338,23.65
2339,6.5
2340,18.06
2341,3.2
2342,6.42
2343,23.0
2344,5.9
2345,7.75
2346,15.0
2347,9.0
2348,11.5
2349,6.2
2350,5.92
2351,6.29
2352,4.12
2353,3.8
2354,2.7
2355,20.28
2356,3.9
2357,16.5
2358,3.7
2359,79.0
2360,17.99
2361,3.9
2362,3.12
2363,1.65
2364,3.5
2365,4.85
2366,39.22
2367,2.0
2368,10.45
2369,27.0
2370,2.25
2371,3.45
2372,6.14
2373,2.85
2374,3.25
2375,4.0
2376,2.59
2377,6.96
2378,3.0
2379,3.6
2380,3.7
2381,21.75
2382,45.0
2383,3.19
2384,6.2
2385,3.96
2386,4.5
2387,3.55
2388,5.5
2389,10.25
2390,30.0
2391,3.5
2392,3.1
2393,3.25
2394,8.99
2395,3.99
2396,6.0
2397,18.25
2398,7.75
2399,4.5
2400,16.75
2401,17.5
2402,7.7
2403,4.45
2404,5.25
2405,33.66
2406,2.8
2407,8.47
2408,9.32
2409,27.43
2410,6.5
2411,9.5
2412,31.8
2413,4.2
2414,3.85
2415,6.0
2416,1.65
2417,14.5
2418,7.1
2419,28.0
2420,9.38
2421,4.78
2422,1.7
2423,17.85
2424,2.75
2425,5.95
2426,1.5
2427,3.8
2428,38.5
2429,2.15
2430,3.75
2431,8.95
2432,2.95
2433,10.49
2434,1.85
2435,5.25
2436,5.99
2437,3.82
2438,39.0
2439,25.75
2440,2.2
2441,2.0
2442,56.5
2443,21.0
2444,4.0
2445,3.83
2446,5.89
2447,1.36
2448,44.0
2449,3.26
2450,8.0
2451,4.25
2452,6.0
2453,16.61
2454,7.26
2455,4.0
2456,34.51
2457,0.95
2458,2.2
2459,5.75
2460,36.75
2461,10.0
2462,4.05
2463,22.0
2464,27.87
2465,8.75
2466,4.79
2467,11.92
2468,53.11
2469,1.15
2470,7.45
2471,3.5
2472,70.15
2473,19.5
2474,15.0
2475,7.57
2476,4.4
2477,60.0
2478,1.6
2479,4.9
2480,5.95
2481,5.35
2482,5.4
2483,23.45
2484,1.9
2485,6.1
2486,4.95
2487,2.5
2488,3.48
2489,4.4
2490,7.99
2491,10.99
2492,18.5
2493,21.69
2494,5.17
2495,4.5
2496,6.75
2497,3.12
2498,8.25
2499,20.14
2500,12.6
2501,6.61
2502,13.23
2503,4.75
2504,2.9
2505,5.5
2506,9.47
2507,1.95
2508,2.2
2509,4.35
2510,4.5
2511,3.55
2512,4.75
2513,4.52
2514,12.75
2515,20.04
2516,6.5
2517,7.5
2518,4.15
2519,2.5
2520,5.4
2521,3.15
2522,52.5
2523,5.95
2524,6.97
2525,3.2
2526,6.69
2527,5.9
2528,2.25
2529,4.5
2530,2.61
2531,11.5
2532,35.0
2533,0.5
2534,5.75
2535,11.5
2536,2.75
2537,31.5
2538,4.92
2539,3.52
2540,17.55
2541,5.8
2542,6.95
2543,2.4
2544,5.25
2545,4.25
2546,1.5
2547,4.5
2548,2.5
2549,1.55
2550,6.5
2551,4.96
2552,3.25
2553,8.5
2554,2.75
2555,3.4
2556,7.0
2557,3.21
2558,14.25
2559,6.5
2560,5.49
2561,0.8
2562,5.91
2563,6.44
2564,2.9
2565,4.6
2566,7.21
2567,8.0
2568,3.5
2569,5.9
2570,1.74
2571,6.8
2572,7.5
2573,8.0
2574,5.99
2575,12.9
2576,7.0
2577,35.0
2578,5.5
2579,18.46
2580,2.4
2581,1.0
2582,2.65
2583,5.96
2584,75.0
2585,27.15
2586,10.5
2587,6.7
2588,4.9
2589,8.0
2590,3.63
2591,4.8
2592,4.25
2593,30.27
2594,14.25
2595,3.41
2596,2.78
2597,15.5
2598,3.0
2599,2.3
2600,13.28
2601,2.25
2602,3.36
2603,4.25
2604,4.3
2605,6.0
2606,9.18
2607,4.99
2608,3.75
2609,2.5
2610,7.2
2611,29.5
2612,17.55
2613,12.0
2614,13.5
2615,5.1
2616,10.3
2617,5.7
2618,3.41
2619,2.4
2620,5.6
2621,1.0
2622,8.2
2623,27.5
2624,3.5
2625,4.58
2626,10.34
2627,3.25
2628,5.0
2629,2.25
2630,51.52
2631,8.62
2632,7.25
2633,5.47
2634,31.0
2635,35.98
2636,3.42
2637,11.5
2638,7.25
2639,8.0
2640,7.33
2641,3.35
2642,4.4
2643,2.99
2644,5.6
2645,6.63
2646,7.9
2647,7.0
2648,4.95
2649,9.19
2650,5.1
2651,5.9
2652,9.51
2653,3.9
2654,5.39
2655,3.0
2656,4.3
2657,6.75
2658,4.5
2659,2.75
2660,9.0
2661,2.55
2662,3.54
2663,4.25
2664,1.2
2665,19.5
2666,12.0
2667,3.9
2668,9.13
2669,2.25
2670,3.25
2671,14.79
2672,2.35
2673,3.1
2674,12.9
2675,2.5
2676,3.65
2677,7.5
2678,3.74
2679,5.86
2680,39.62
2681,7.05
2682,7.5
2683,2.1
2684,11.6
2685,19.25
2686,17.92
2687,3.6
2688,4.5
2689,7.4
2690,59.29
2691,5.5
2692,1.75
2693,6.75
2694,3.95
2695,4.2
2696,8.4
2697,8.25
2698,3.31
2699,7.5
2700,4.75
2701,8.79
2702,9.5
2703,1.55
2704,5.85
2705,7.52
2706,3.6
2707,4.73
2708,10.5
2709,34.54
2710,6.07
2711,7.76
2712,7.46
2713,3.49
2714,4.05
2715,11.88
2716,6.45
2717,50.0
2718,9.0
2719,14.25
2720,7.36
2721,4.4
2722,3.1
2723,4.28
2724,5.5
2725,6.99
2726,4.29
2727,4.2
2728,4.11
2729,18.75
2730,64.95
2731,1.59
2732,3.6
2733,7.87
2734,5.55
2735,6.4
2736,2.65
2737,5.5
2738,7.31
2739,7.1
2740,7.83
2741,0.85
2742,3.55
2743,8.19
2744,28.0
2745,13.0
2746,3.29
2747,4.41
2748,4.99
2749,17.98
2750,7.71
2751,2.8
2752,3.0
2753,12.49
2754,5.0
2755,32.64
2756,6.5
2757,35.0
2758,2.0
2759,9.46
2760,39.0
2761,15.0
2762,6.15
2763,14.5
2764,5.18
2765,1.24
2766,2.8
2767,5.23
2768,0.45
2769,3.25
2770,1.5
2771,2.85
2772,4.5
2773,16.25
2774,7.75
2775,4.35
2776,33.13
2777,3.63
2778,4.75
2779,6.51
2780,4.8
2781,6.0
2782,6.4
2783,4.9
2784,20.57
2785,4.76
2786,2.0
2787,9.92
2788,3.69
2789,5.75
2790,5.7
2791,4.94
2792,4.29
2793,3.0
2794,6.5
2795,4.9
2796,5.4
2797,24.0
2798,7.46
2799,9.6
2800,25.0
2801,6.8
2802,8.59
2803,5.29
2804,2.5
2805,13.9
2806,20.0
2807,3.4
2808,5.5
2809,3.65
2810,5.86
2811,10.44
2812,3.37
2813,6.95
2814,9.9
2815,3.3
2816,50.5
2817,12.5
2818,20.5
2819,14.5
2820,20.0
2821,5.25
2822,5.9
2823,2.6
2824,11.0
2825,15.5
2826,5.75
2827,75.0
2828,2.0
2829,2.3
2830,8.2
2831,4.8
2832,8.5
2833,2.9
2834,6.5
2835,5.85
2836,23.91
2837,7.36
2838,17.25
2839,7.0
2840,17.65
2841,2.5
2842,6.0
2843,8.25
2844,44.83
2845,10.5
2846,1.9
2847,4.25
2848,26.5
2849,22.5
2850,3.3
2851,4.3
2852,5.25
2853,11.75
2854,4.25
2855,14.22
2856,4.2
2857,18.25
2858,18.5
2859,2.4
2860,6.5
2861,3.2
2862,3.99
2863,5.45
2864,2.7
2865,6.25
2866,13.28
2867,3.7
2868,39.51
2869,1.4
2870,3.5
2871,3.78
2872,2.7
2873,3.2
2874,5.0
2875,7.0
2876,2.85
2877,4.25
2878,4.9
2879,16.9
2880,4.25
2881,4.34
2882,17.0
2883,28.45
2884,6.15
2885,9.25
2886,4.85
2887,4.8
2888,2.3
2889,4.75
2890,5.0
2891,2.5
2892,5.95
2893,16.0
2894,6.15
2895,4.05
2896,3.1
2897,5.49
2898,42.91
2899,5.7
2900,2.85
2901,2.35
2902,14.76
2903,2.25
2904,3.65
2905,7.25
2906,10.69
2907,5.5
2908,5.1
2909,3.25
2910,9.25
2911,1.7
2912,2.87
2913,17.75
2914,4.5
2915,2.95
2916,2.6
2917,3.0
2918,15.5
2919,2.8
2920,2.5
2921,5.75
2922,2.8
2923,4.59
2924,3.65
2925,19.85
2926,18.5
2927,6.95
2928,2.85
2929,3.75
2930,2.3
2931,2.3
2932,5.95
2933,3.49
2934,47.7
2935,6.43
2936,4.5
2937,39.75
2938,4.0
2939,6.98
2940,1.75
2941,4.75
2942,23.5
2943,7.49
2944,10.85
2945,3.5
2946,6.3
2947,6.75
2948,28.88
2949,14.23
2950,15.0
2951,5.8
2952,3.75
2953,12.75
2954,1.95
2955,4.95
2956,8.25
2957,20.99
2958,17.5
2959,5.36
2960,6.35
2961,2.95
2962,55.7
2963,1.15
2964,37.5
2965,4.07
2966,2.99
2967,7.9
2968,7.49
2969,1.1
2970,56.0
2971,3.5
2972,3.0
2973,6.1
2974,2.25
2975,5.95
2976,4.95
2977,5.49
2978,6.67
2979,6.25
2980,34.88
2981,6.9
2982,5.99
2983,10.4
2984,29.0
2985,5.85
2986,2.21
2987,2.4
2988,3.0
2989,3.75
2990,2.95
2991,5.8
2992,4.9
2993,16.95
2994,12.5
2995,5.0
2996,4.68
2997,29.8
2998,3.46
2999,4.0
3000,4.5
3001,5.87
3002,9.5
3003,32.5
3004,3.88
3005,13.08
3006,3.5
3007,3.5
3008,4.45
3009,2.35
3010,5.0
3011,28.0
3012,2.0
3013,6.35
3014,24.63
3015,3.0
3016,7.9
3017,3.25
3018,8.25
3019,2.85
3020,3.2
3021,1.75
3022,5.75
3023,4.7
3024,2.9
3025,4.25
3026,14.5
3027,5.34
3028,3.85
3029,8.5
3030,4.2
3031,6.75
3032,26.0
3033,8.61
3034,1.46
3035,2.8
3036,4.0
3037,5.47
3038,2.45
3039,21.5
3040,1.38
3041,13.5
3042,3.1
3043,5.49
3044,9.51
3045,2.39
3046,3.25
3047,5.65
3048,1.85
3049,2.02
3050,5.8
3051,6.9
3052,5.35
3053,2.85
3054,22.75
3055,0.45
3056,4.64
3057,5.27
3058,10.0
3059,3.95
3060,3.38
3061,16.8
3062,1.99
3063,5.84
3064,36.15
3065,25.7
3066,9.24
3067,7.65
3068,25.31
3069,4.75
3070,6.69
3071,3.1
3072,1.55
3073,6.84
3074,1.6
3075,21.73
3076,4.75
3077,2.45
3078,31.55
3079,10.25
3080,27.36
3081,6.5
3082,4.25
3083,5.5
3084,4.0
3085,4.65
3086,28.5
3087,7.11
3088,3.9
3089,5.6
3090,2.25
3091,3.9
3092,28.63
3093,7.25
3094,2.0
3095,3.5
3096,5.0
3097,3.72
3098,3.45
3099,4.5
3100,14.36
3101,5.5
3102,3.0
3103,6.08
3104,5.0
3105,20.25
3106,18.0
3107,17.5
3108,2.1
3109,7.5
3110,24.77
3111,8.65
3112,35.5
3113,10.5
3114,13.0
3115,26.5
3116,1.4
3117,7.51
3118,4.3
3119,8.95
3120,6.91
3121,9.75
3122,4.0
3123,3.65
3124,10.75
3125,4.51
3126,49.22
3127,3.7
3128,12.99
3129,4.15
3130,4.4
3131,4.25
3132,4.25
3133,7.7
3134,39.75
3135,8.5
3136,7.0
3137,0.8
3138,15.25
3139,2.25
3140,4.85
3141,6.42
3142,2.5
3143,5.75
3144,0.5
3145,11.52
3146,4.5
3147,4.75
3148,13.54
3149,23.41
3150,19.25
3151,20.0
3152,13.0
3153,3.99
3154,4.65
3155,4.65
3156,3.15
3157,8.25
3158,65.0
3159,4.5
3160,17.5
3161,4.31
3162,6.2
3163,3.32
3164,3.75
3165,4.7
3166,6.5
3167,7.25
3168,8.94
3169,7.34
3170,6.9
3171,5.9
3172,6.75
3173,4.1
3174,27.0
3175,4.5
3176,14.5
3177,5.25
3178,1.2
3179,4.95
3180,7.5
3181,48.0
3182,4.45
3183,59.65
3184,4.38
3185,7.9
3186,1.88
3187,7.29
3188,6.0
3189,6.7
3190,1.5
3191,23.8
3192,7.77
3193,3.32
3194,4.94
3195,11.0
3196,3.4
3197,4.17
3198,1.25
3199,5.45
3200,2.59
3201,12.01
3202,2.45
3203,29.0
3204,11.99
3205,7.9
3206,6.25
3207,1.8
3208,2.8
3209,4.9
3210,2.25
3211,8.89
3212,15.0
3213,5.65
3214,7.0
3215,2.95
3216,3.3
3217,3.5
3218,2.3
3219,13.69
3220,3.1
3221,12.75
3222,13.75
3223,6.75
3224,5.25
3225,8.75
3226,8.87
3227,6.5
3228,4.5
3229,12.5
3230,16.8
3231,8.75
3232,8.5
3233,2.21
3234,1.6
3235,6.25
3236,2.25
3237,25.75
3238,6.75
3239,6.25
3240,5.1
3241,10.75
3242,5.7
3243,5.95
3244,2.4
3245,3.49
3246,4.0
3247,3.85
3248,3.95
3249,3.0
3250,6.7
3251,6.14
3252,4.4
3253,4.25
3254,25.93
3255,7.0
3256,25.12
3257,4.45
3258,2.4
3259,4.33
3260,6.93
3261,4.25
3262,12.5
3263,4.9
3264,4.5
3265,3.0
3266,5.8
3267,3.33
3268,6.62
3269,5.75
3270,6.2
3271,3.5
3272,2.0
3273,4.0
3274,9.5
3275,17.5
3276,6.11
3277,3.75
3278,6.2
3279,6.15
3280,2.4
3281,2.15
3282,3.75
3283,2.15
3284,4.75
3285,2.45
3286,11.15
3287,8.9
3288,4.35
3289,12.0
3290,8.5
3291,4.27
3292,4.25
3293,9.25
3294,8.61
3295,28.0
3296,9.25
3297,8.6
3298,7.53
3299,5.75
3300,4.15
3301,5.84
3302,16.5
3303,43.0
3304,3.55
3305,8.9
3306,2.5
3307,3.85
3308,7.5
3309,1.8
3310,2.25
3311,24.25
3312,4.35
3313,11.5
3314,4.75
3315,4.99
3316,9.15
3317,13.99
3318,19.75
3319,16.77
3320,2.5
3321,3.65
3322,23.5
3323,3.11
3324,4.57
3325,5.32
3326,3.2
3327,5.63
3328,3.0
3329,9.25
3330,1.2
3331,2.15
3332,3.05
3333,11.5
3334,2.3
3335,4.95
3336,4.75
3337,10.15
3338,2.65
3339,3.8
3340,16.68
3341,5.0
3342,3.75
3343,4.11
3344,4.25
3345,3.45
3346,22.5
3347,4.5
3348,0.9
3349,1.85
3350,3.25
3351,7.34
3352,4.25
3353,6.45
3354,10.75
3355,27.75
3356,0.99
3357,24.0
3358,6.1
3359,8.25
3360,4.65
3361,9.75
3362,4.4
3363,3.99
3364,45.73
3365,5.27
3366,3.5
3367,7.25
3368,1.6
3369,6.0
3370,3.0
3371,4.95
3372,8.99
3373,1.85
3374,6.16
3375,3.5
3376,4.5
3377,7.75
3378,6.6
3379,4.98
3380,9.75
3381,5.55
3382,10.3
3383,7.5
3384,1.8
3385,6.25
3386,6.8
3387,3.0
3388,11.6
3389,6.95
3390,3.5
3391,5.5
3392,5.65
3393,3.25
3394,7.72
3395,12.0
3396,1.55
3397,10.75
3398,6.72
3399,28.55
3400,75.0
3401,10.49
3402,3.8
3403,18.5
3404,6.0
3405,5.5
3406,2.3
3407,8.7
3408,4.95
3409,4.25
3410,10.94
3411,21.26
3412,11.5
3413,6.0
3414,4.1
3415,2.01
3416,2.6
3417,2.35
3418,9.15
3419,2.9
3420,9.18
3421,11.45
3422,2.1
3423,5.53
3424,3.75
3425,12.5
3426,15.5
3427,14.5
3428,12.46
3429,5.25
3430,25.0
3431,45.0
3432,5.1
3433,3.5
3434,12.5
3435,5.55
3436,19.48
3437,3.91
3438,2.19
3439,6.89
3440,3.47
3441,2.85
3442,25.64
3443,10.28
3444,6.3
3445,4.75
3446,5.8
3447,44.5
3448,4.65
3449,3.6
3450,12.25
3451,20.0
3452,16.0
3453,6.21
3454,3.25
3455,9.75
3456,4.45
3457,12.0
3458,0.8
3459,5.95
3460,3.0
3461,5.25
3462,22.2
3463,13.5
3464,13.5
3465,3.47
3466,9.5
3467,4.8
3468,6.54
3469,3.1
3470,7.99
3471,3.3
3472,8.75
3473,4.19
3474,30.77
3475,2.11
3476,6.25
3477,11.4
3478,5.2
3479,39.84
3480,4.45
3481,19.5
3482,1.75
3483,5.1
3484,6.8
3485,5.74
3486,3.3
3487,32.0
3488,35.0
3489,8.9
3490,4.0
3491,19.46
3492,5.25
3493,2.6
3494,9.22
3495,1.8
3496,31.75
3497,5.99
3498,4.94
3499,1.5
3500,3.25
3501,1.95
3502,6.5
3503,3.71
3504,5.0
3505,1.99
3506,4.25
3507,8.0
3508,2.95
3509,3.5
3510,16.0
3511,2.75
3512,6.95
3513,12.5
3514,36.83
3515,2.7
3516,9.9
3517,3.83
3518,5.25
3519,7.75
3520,2.46
3521,3.96
3522,8.25
3523,7.58
3524,3.99
3525,6.25
3526,5.0
3527,4.65
3528,21.37
3529,1.75
3530,16.09
3531,4.1
3532,3.56
3533,4.21
3534,6.6
3535,14.35
3536,9.5
3537,21.9
3538,30.45
3539,5.1
3540,5.44
3541,1.6
3542,16.67
3543,3.85
3544,10.64
3545,3.5
3546,1.1
3547,2.6
3548,18.5
3549,7.95
3550,5.49
3551,6.95
3552,1.0
3553,4.45
3554,6.99
3555,3.51
3556,7.54
3557,3.65
3558,16.0
3559,1.4
3560,6.45
3561,4.4
3562,5.95
3563,3.9
3564,35.28
3565,14.25
3566,4.5
3567,7.5
3568,3.41
3569,3.25
3570,8.3
3571,3.45
3572,11.95
3573,4.25
3574,8.25
3575,5.95
3576,4.3
3577,3.9
3578,6.41
3579,8.36
3580,3.85
3581,36.0
3582,7.5
3583,5.7
3584,5.5
3585,5.9
3586,7.75
3587,18.0
3588,4.4
3589,8.27
3590,4.75
3591,3.8
3592,3.4
3593,4.7
3594,1.49
3595,4.5
3596,5.4
3597,11.5
3598,3.5
3599,16.5
3600,3.9
3601,3.25
3602,5.84
3603,5.75
3604,10.0
3605,1.05
3606,5.64
3607,50.97
3608,29.95
3609,4.85
3610,14.5
3611,5.5
3612,3.2
3613,4.5
3614,30.72
3615,3.5
3616,6.99
3617,3.45
3618,6.57
3619,17.5
3620,3.75
3621,9.99
3622,8.2
3623,1.1
3624,3.89
3625,2.45
3626,13.75
3627,3.0
3628,9.25
3629,17.65
3630,18.25
3631,3.45
3632,23.75
3633,5.45
3634,5.25
3635,2.9
3636,14.2
3637,5.8
3638,7.22
3639,4.87
3640,3.3
3641,3.0
3642,26.0
3643,2.9
3644,7.5
3645,2.36
3646,11.39
3647,7.02
3648,8.0
3649,7.11
3650,3.9
3651,2.15
3652,3.25
3653,70.66
3654,4.61
3655,2.35
3656,4.05
3657,0.8
3658,5.6
3659,5.35
3660,3.25
3661,11.5
3662,4.25
3663,4.45
3664,2.85
3665,7.85
3666,5.3
3667,8.0
3668,9.43
3669,2.75
3670,13.5
3671,9.99
3672,6.95
3673,6.75
3674,5.5
3675,9.18
3676,4.15
3677,6.5
3678,4.11
3679,2.25
3680,4.56
3681,4.0
3682,5.27
3683,9.11
3684,6.2
3685,19.97
3686,10.17
3687,4.5
3688,14.28
3689,2.47
3690,7.9
3691,2.3
3692,6.5
3693,3.25
3694,5.85
3695,29.0
3696,25.71
3697,1.85
3698,22.75
3699,8.32
3700,26.0
3701,3.45
3702,5.15
3703,3.51
3704,3.45
3705,3.75
3706,1.45
3707,2.2
3708,7.99
3709,6.75
3710,5.0
3711,5.9
3712,3.75
3713,29.5
3714,4.75
3715,11.5
3716,6.95
3717,5.4
3718,4.75
3719,2.15
3720,0.9
3721,3.5
3722,5.85
3723,3.15
3724,6.0
3725,2.23
3726,2.5
3727,3.87
3728,9.5
3729,17.75
3730,3.75
3731,1.5
3732,5.0
3733,17.0
3734,4.38
3735,41.5
3736,3.0
3737,11.0
3738,14.0
3739,7.65
3740,8.7
3741,9.9
3742,2.05
3743,5.25
3744,5.77
3745,1.95
3746,7.45
3747,2.6
3748,3.25
3749,3.85
3750,7.5
3751,11.5
3752,3.25
3753,1.5
3754,5.31
3755,9.0
3756,3.59
3757,7.35
3758,12.0
3759,6.02
3760,2.57
3761,12.45
3762,12.63
3763,7.75
3764,5.5
3765,4.43
3766,24.51
3767,2.65
3768,2.1
3769,3.2
3770,4.25
3771,1.1
3772,4.3
3773,8.9
3774,6.5
3775,3.5
3776,4.25
3777,16.46
3778,5.95
3779,7.1
3780,1.25
3781,5.5
3782,3.25
3783,5.0
3784,6.58
3785,19.5
3786,6.14
3787,4.95
3788,5.75
3789,6.6
3790,5.72
3791,2.6
3792,6.5
3793,6.1
3794,3.85
3795,4.5
3796,18.25
3797,5.75
3798,3.35
3799,0.9
3800,5.5
3801,3.99
3802,18.75
3803,3.5
3804,16.45
3805,3.65
3806,5.4
3807,8.7
3808,20.75
3809,12.5
3810,1.89
3811,4.0
3812,3.95
3813,7.85
3814,7.0
3815,24.99
3816,4.5
3817,1.25
3818,3.95
3819,1.6
3820,0.6
3821,3.39
3822,9.8
3823,5.91
3824,8.25
3825,3.75
3826,12.5
3827,3.8
3828,4.35
3829,32.5
3830,3.0
3831,19.0
3832,5.0
3833,5.45
3834,2.7
3835,10.75
3836,5.8
3837,0.95
3838,0.63
3839,17.55
3840,3.0
3841,15.0
3842,6.0
3843,7.65
3844,8.5
3845,2.25
3846,4.65
3847,7.85
3848,3.46
3849,8.25
3850,1.25
3851,16.0
3852,7.4
3853,3.07
3854,3.84
3855,4.2
3856,10.82
3857,6.1
3858,3.1
3859,1.0
3860,4.69
3861,5.4
3862,12.0
3863,6.5
3864,3.0
3865,6.9
3866,4.0
3867,4.25
3868,5.1
3869,4.9
3870,3.6
3871,34.0
3872,8.25
3873,1.3
3874,39.05
3875,3.75
3876,2.1
3877,8.8
3878,5.84
3879,9.03
3880,3.25
3881,4.9
3882,6.46
3883,18.5
3884,2.7
3885,4.6
3886,5.35
3887,2.3
3888,15.45
3889,12.49
3890,48.76
3891,3.2
3892,8.75
3893,5.99
3894,2.9
3895,1.8
3896,6.25
3897,5.45
3898,52.5
3899,5.6
3900,6.45
3901,3.7
3902,3.49
3903,3.55
3904,9.0
3905,2.7
3906,1.5
3907,15.9
3908,5.2
3909,16.25
3910,3.31
3911,24.0
3912,2.5
3913,3.9
3914,3.85
3915,8.8
3916,4.95
3917,5.75
3918,6.17
3919,3.45
3920,3.2
3921,13.49
3922,24.5
3923,14.7
3924,6.0
3925,34.18
3926,3.5
3927,2.15
3928,11.25
3929,2.0
3930,4.27
3931,7.68
3932,14.52
3933,16.85
3934,5.75
3935,8.3
3936,3.95
3937,4.8
3938,12.0
3939,6.25
3940,2.5
3941,7.5
3942,3.5
3943,1.99
3944,2.25
3945,3.25
3946,28.5
3947,1.5
3948,7.0
3949,27.5
3950,10.5
3951,21.5
3952,35.0
3953,7.99
3954,4.88
3955,40.5
3956,6.55
3957,29.64
3958,4.34
3959,6.22
3960,2.25
3961,38.0
3962,2.15
3963,22.45
3964,20.87
3965,3.1
3966,5.95
3967,0.86
3968,9.25
3969,2.25
3970,6.13
3971,3.79
3972,160.0
3973,3.85
3974,4.5
3975,8.61
3976,6.5
3977,2.6
3978,15.0
3979,4.7
3980,12.99
3981,7.32
3982,6.5
3983,5.67
3984,3.0
3985,5.5
3986,3.35
3987,25.02
3988,26.11
3989,7.09
3990,2.65
3991,6.5
3992,4.5
3993,57.0
3994,3.82
3995,5.25
3996,16.81
3997,21.5
3998,8.5
3999,3.25
4000,27.11
4001,5.95
4002,6.79
4003,2.55
4004,3.7
4005,6.75
4006,6.95
4007,2.78
4008,6.18
4009,36.0
4010,5.81
4011,3.41
4012,26.5
4013,16.0
4014,12.13
4015,1.8
4016,6.25
4017,2.75
4018,6.0
4019,11.56
4020,5.2
4021,7.52
4022,12.49
4023,35.82
4024,6.25
4025,6.22
4026,8.02
4027,3.75
4028,11.75
4029,2.25
4030,3.55
4031,38.15
4032,2.66
4033,2.85
4034,4.95
4035,6.5
4036,2.4
4037,12.5
4038,3.0
4039,6.67
4040,1.97
4041,2.8
4042,2.65
4043,4.75
4044,19.0
4045,4.5
4046,8.25
4047,3.5
4048,8.5
4049,9.0
4050,6.75
4051,5.4
4052,3.5
4053,2.6
4054,20.5
4055,11.31
4056,4.5
4057,56.0
4058,5.2
4059,5.25
4060,3.6
4061,3.3
4062,5.85
4063,3.9
4064,7.98
4065,4.3
4066,2.25
4067,3.2
4068,6.55
4069,6.9
4070,2.95
4071,11.45
4072,6.37
4073,5.0
4074,2.6
4075,1.9
4076,60.95
4077,4.44
4078,15.3
4079,8.2
4080,5.25
4081,8.5
4082,23.75
4083,2.74
4084,13.83
4085,6.99
4086,2.25
4087,11.49
4088,2.87
4089,3.25
4090,3.5
4091,4.49
4092,2.9
4093,12.36
4094,6.0
4095,31.0
4096,5.49
4097,5.86
4098,9.0
4099,7.7
4100,9.47
4101,29.0
4102,5.42
4103,6.39
4104,2.75
4105,2.5
4106,2.35
4107,4.65
4108,6.0
4109,3.5
4110,7.0
4111,7.75
4112,2.93
4113,22.5
4114,40.66
4115,1.75
4116,8.2
4117,4.49
4118,26.5
4119,2.6
4120,2.49
4121,5.4
4122,4.35
4123,32.73
4124,26.0
4125,2.5
4126,21.66
4127,2.99
4128,2.61
4129,8.25
4130,12.5
4131,5.5
4132,5.53
4133,1.1
4134,6.85
4135,17.09
4136,4.93
4137,17.5
4138,1.95
4139,6.1
4140,1.8
4141,34.5
4142,4.01
4143,3.15
4144,5.49
4145,10.0
4146,4.55
4147,1.5
4148,2.15
4149,1.4
4150,6.2
4151,19.8
4152,5.6
4153,9.5
4154,2.21
4155,3.31
4156,5.44
4157,7.56
4158,3.2
4159,5.53
4160,17.0
4161,3.55
4162,2.65
4163,17.85
4164,7.96
4165,4.25
4166,5.85
4167,13.0
4168,2.65
4169,4.75
4170,2.65
4171,3.0
4172,32.52
4173,7.75
4174,19.6
4175,2.6
4176,3.76
4177,4.75
4178,1.75
4179,3.95
4180,1.0
4181,4.5
4182,17.23
4183,5.76
4184,4.32
4185,1.9
4186,5.5
4187,13.5
4188,9.75
4189,9.44
4190,4.45
4191,8.85
4192,2.15
4193,4.89
4194,6.25
4195,4.8
4196,1.8
4197,7.25
4198,7.56
4199,6.82
4200,1.8
4201,11.5
4202,2.8
4203,5.5
4204,2.7
4205,3.25
4206,10.9
4207,4.07
4208,18.0
4209,2.95
4210,7.5
4211,32.73
4212,21.5
4213,2.5
4214,5.5
4215,7.5
4216,1.55
4217,29.0
4218,8.4
4219,6.5
4220,2.35
4221,5.55
4222,5.35
4223,5.25
4224,5.87
4225,5.36
4226,7.75
4227,5.41
4228,3.65
4229,5.25
4230,6.25
4231,3.47
4232,8.85
4233,0.85
4234,13.65
4235,50.22
4236,7.75
4237,10.05
4238,9.75
4239,23.0
4240,21.42
4241,5.21
4242,7.5
4243,1.75
4244,1.0
4245,33.0
4246,2.2
4247,12.83
4248,68.94
4249,4.1
4250,2.85
4251,3.7
4252,9.06
4253,4.75
4254,6.6
4255,3.5
4256,2.0
4257,3.89
4258,3.6
4259,6.95
4260,7.03
4261,16.5
4262,7.67
4263,23.19
4264,6.21
4265,45.82
4266,5.95
4267,11.0
4268,7.19
4269,6.4
4270,26.0
4271,4.5
4272,3.1
4273,5.95
4274,1.2
4275,52.0
4276,48.0
4277,21.99
4278,4.3
4279,3.75
4280,8.95
4281,4.75
4282,14.6
4283,17.5
4284,5.2
4285,6.04
4286,2.7
4287,6.75
4288,2.35
4289,5.0
4290,6.95
4291,6.7
4292,25.0
4293,3.75
4294,3.75
4295,5.1
4296,2.45
4297,3.25
4298,5.5
4299,3.77
4300,49.24
4301,3.04
4302,4.9
4303,6.25
4304,33.0
4305,27.0
4306,5.21
4307,5.75
4308,16.58
4309,11.0
4310,2.8
4311,37.99
4312,3.65
4313,6.0
4314,4.54
4315,5.4
4316,3.3
4317,18.25
4318,3.1
4319,3.84
4320,2.44
4321,3.6
4322,3.9
4323,2.9
4324,3.5
4325,3.5
4326,3.5
4327,7.0
4328,8.7
4329,45.0
4330,1.8
4331,0.99
4332,4.8
4333,17.95
4334,13.0
4335,5.66
4336,3.1
4337,6.54
4338,13.2
4339,56.8
4340,19.4
4341,1.65
4342,4.35
4343,6.5
4344,1.11
4345,5.5
4346,11.0
4347,3.9
4348,1.8
4349,6.22
4350,4.3
4351,5.99
4352,6.0
4353,5.85
4354,19.94
4355,2.9
4356,4.25
4357,5.99
4358,3.3
4359,8.08
4360,4.5
4361,6.5
4362,3.9
4363,5.25
4364,17.0
4365,3.5
4366,3.0
4367,4.87
4368,6.0
4369,15.5
4370,1.6
4371,7.25
4372,3.25
4373,3.4
4374,30.5
4375,7.97
4376,13.51
4377,5.43
4378,2.6
4379,4.45
4380,2.75
4381,8.75
4382,5.41
4383,8.55
4384,8.25
4385,23.58
4386,4.49
4387,12.99
4388,2.8
4389,8.43
4390,47.5
4391,8.95
4392,5.5
4393,4.75
4394,4.75
4395,9.5
4396,3.77
4397,4.25
4398,19.9
4399,4.0
4400,4.16
4401,38.0
4402,6.34
4403,4.5
4404,3.75
4405,10.2
4406,5.0
4407,3.95
4408,9.75
4409,7.93
4410,2.1
4411,16.42
4412,8.9
4413,7.21
4414,13.5
4415,65.0
4416,7.4
4417,5.15
4418,32.0
4419,3.25
4420,3.95
4421,1.5
4422,3.0
4423,1.99
4424,1.35
4425,13.5
4426,6.99
4427,8.5
4428,2.89
4429,10.5
4430,3.97
4431,4.25
4432,6.17
4433,38.72
4434,6.5
4435,4.25
4436,4.75
4437,17.71
4438,5.85
4439,17.27
4440,9.25
4441,12.75
4442,27.0
4443,21.0
4444,7.95
4445,4.5
4446,33.75
4447,17.51
4448,6.8
4449,1.68
4450,2.9
4451,3.16
4452,3.9
4453,1.95
4454,26.52
4455,9.0
4456,4.5
4457,8.75
4458,11.5
4459,3.0
4460,3.79
4461,6.0
4462,13.25
4463,8.0
4464,5.8
4465,13.5
4466,25.0
4467,5.49
4468,19.0
4469,2.5
4470,3.0
4471,6.64
4472,3.21
4473,1.55
4474,2.59
4475,4.0
4476,3.87
4477,9.75
4478,32.91
4479,16.75
4480,1.9
4481,6.59
4482,31.93
4483,7.25
4484,1.9
4485,3.55
4486,9.25
4487,1.65
4488,36.64
4489,16.0
4490,5.38
4491,4.35
4492,1.2
4493,4.1
4494,18.75
4495,13.78
4496,4.0
4497,4.33
4498,5.43
4499,4.9
4500,70.0
4501,25.5
4502,5.1
4503,6.7
4504,26.5
4505,3.9
4506,2.7
4507,2.95
4508,23.0
4509,2.49
4510,4.5
4511,4.5
4512,6.9
4513,20.72
4514,2.21
4515,13.9
4516,1.46
4517,6.0
4518,3.0
4519,3.5
4520,7.59
4521,1.99
4522,3.8
4523,4.0
4524,2.95
4525,3.75
4526,2.5
4527,3.75
4528,22.0
4529,6.14
4530,16.0
4531,3.75
4532,11.75
4533,24.0
4534,8.9
4535,10.0
4536,5.55
4537,3.59
4538,11.13
4539,7.2
4540,2.98
4541,1.7
4542,52.0
4543,0.95
4544,9.25
4545,16.25
4546,20.99
4547,4.25
4548,7.2
4549,4.4
4550,4.25
4551,5.35
4552,6.3
4553,12.5
4554,7.5
4555,11.25
4556,7.65
4557,4.5
4558,7.5
4559,7.1
4560,2.25
4561,27.0
4562,4.18
4563,6.5
4564,3.15
4565,7.64
4566,2.4
4567,4.25
4568,9.31
4569,2.39
4570,7.64
4571,6.21
4572,16.5
4573,8.22
4574,28.85
4575,8.5
4576,90.0
4577,6.51
4578,4.65
4579,8.4
4580,5.75
4581,1.11
4582,17.25
4583,32.0
4584,3.45
4585,23.0
4586,7.32
4587,4.4
4588,47.35
4589,4.12
4590,19.5
4591,6.2
4592,45.0
4593,2.8
4594,4.8
4595,5.65
4596,5.9
4597,5.0
4598,4.9
4599,4.25
4600,10.9
4601,2.45
4602,2.5
4603,29.5
4604,5.75
4605,5.0
4606,4.62
4607,23.5
4608,7.25
4609,11.88
4610,2.25
4611,0.85
4612,4.0
4613,5.1
4614,12.5
4615,2.9
4616,15.96
4617,5.45
4618,23.86
4619,1.75
4620,9.75
4621,4.75
4622,6.25
4623,22.0
4624,14.14
4625,11.95
4626,2.5
4627,2.75
4628,5.85
4629,6.25
4630,4.95
4631,4.75
4632,2.55
4633,4.5
4634,3.01
4635,42.0
4636,11.5
4637,10.99
4638,3.71
4639,2.0
4640,9.48
4641,1.25
4642,10.9
4643,5.5
4644,3.71
4645,6.25
4646,4.9
4647,1.1
4648,4.72
4649,3.7
4650,24.85
4651,12.25
4652,3.9
4653,6.28
4654,2.75
4655,7.85
4656,2.95
4657,4.85
4658,30.0
4659,19.9
4660,10.8
4661,1.75
4662,19.25
4663,5.5
4664,2.75
4665,13.0
4666,3.2
4667,5.84
4668,24.0
4669,6.25
4670,36.0
4671,3.0
4672,11.0
4673,6.5
4674,9.4
4675,37.92
4676,5.25
4677,4.5
4678,18.0
4679,5.56
4680,22.0
4681,22.0
4682,2.65
4683,5.85
4684,6.95
4685,6.5
4686,0.85
4687,7.25
4688,4.5
4689,4.25
4690,26.0
4691,9.66
4692,6.85
4693,23.68
4694,15.75
4695,3.5
4696,6.99
4697,15.57
4698,5.29
4699,2.25
4700,20.0
4701,47.5
4702,1.22
4703,3.65
4704,3.1
4705,11.5
4706,3.46
4707,8.38
4708,4.8
4709,4.5
4710,3.95
4711,3.65
4712,10.0
4713,4.0
4714,4.75
4715,3.1
4716,3.61
4717,4.29
4718,2.13
4719,1.1
4720,13.95
4721,5.35
4722,3.9
4723,2.8
4724,8.75
4725,19.5
4726,2.75
4727,8.0
4728,5.7
4729,12.5
4730,1.75
4731,1.9
4732,4.5
4733,30.3
4734,16.0
4735,32.78
4736,2.5
4737,43.0
4738,5.38
4739,2.65
4740,3.3
4741,34.0
4742,0.7
4743,6.83
4744,5.77
4745,3.1
4746,4.95
4747,16.25
4748,52.54
4749,6.4
4750,6.95
4751,0.85
4752,6.95
4753,3.45
4754,2.75
4755,4.95
4756,9.62
4757,6.79
4758,4.5
4759,3.01
4760,4.4
4761,17.49
4762,4.66
4763,5.5
4764,6.0
4765,10.19
4766,5.25
4767,45.0
4768,2.7
4769,3.39
4770,5.69
4771,58.54
4772,8.4
4773,2.5
4774,3.25
4775,3.25
4776,4.25
4777,18.5
4778,4.25
4779,8.85
4780,4.14
4781,12.75
4782,7.0
4783,33.0
4784,10.0
4785,3.53
4786,1.35
4787,4.5
4788,4.9
4789,12.26
4790,3.99
4791,46.95
4792,3.8
4793,6.75
4794,8.75
4795,5.2
4796,8.42
4797,3.0
4798,5.75
4799,9.75
4800,3.5
4801,30.0
4802,35.0
4803,13.25
4804,3.65
4805,5.25
4806,9.7
4807,5.21
4808,6.3
4809,4.72
4810,28.0
4811,8.37
4812,14.0
4813,36.0
4814,6.4
4815,51.69
4816,8.0
4817,9.8
4818,2.7
4819,24.37
4820,9.72
4821,5.0
4822,10.5
4823,3.9
4824,5.65
4825,29.95
4826,3.0
4827,6.0
4828,2.11
4829,1.5
4830,2.85
4831,33.64
4832,0.91
4833,2.42
4834,3.25
4835,2.8
4836,8.3
4837,5.25
4838,2.9
4839,15.0
4840,0.53
4841,12.5
4842,2.75
4843,5.0
4844,7.09
4845,19.99
4846,10.75
4847,9.45
4848,2.9
4849,4.7
4850,7.11
4851,6.25
4852,2.2
4853,8.86
4854,9.3
4855,7.57
4856,7.9
4857,5.65
4858,3.25
4859,16.27
4860,3.21
4861,3.9
4862,6.5
4863,48.0
4864,18.9
4865,3.6
4866,5.5
4867,7.0
4868,41.75
4869,10.5
4870,10.09
4871,3.0
4872,12.0
4873,4.91
4874,2.0
4875,5.3
4876,7.22
4877,32.57
4878,2.75
4879,4.33
4880,3.75
4881,5.91
4882,4.35
4883,3.25
4884,68.0
4885,5.5
4886,12.08
4887,7.48
4888,5.5
4889,3.5
4890,15.5
4891,19.0
4892,8.4
4893,7.25
4894,4.25
4895,5.7
4896,26.0
4897,2.49
4898,3.0
4899,5.95
4900,2.69
4901,26.0
4902,5.5
4903,4.85
4904,8.39
4905,7.99
4906,6.95
4907,1.5
4908,1.55
4909,2.75
4910,4.25
4911,2.85
4912,56.14
4913,10.0
4914,1.25
4915,7.5
4916,25.81
4917,4.3
4918,11.0
4919,11.75
4920,6.58
4921,4.8
4922,1.65
4923,15.0
4924,1.0
4925,1.65
4926,3.6
4927,11.5
4928,3.6
4929,3.05
4930,6.0
4931,3.75
4932,6.17
4933,9.05
4934,4.05
4935,4.25
4936,3.75
4937,11.85
4938,8.24
4939,6.5
4940,58.91
4941,8.0
4942,4.64
4943,3.32
4944,2.78
4945,8.95
4946,21.95
4947,7.9
4948,29.0
4949,3.25
4950,5.9
4951,9.88
4952,8.78
4953,2.75
4954,5.98
4955,31.0
4956,3.55
4957,6.24
4958,2.19
4959,5.5
4960,2.1
4961,50.66
4962,14.0
4963,5.5
4964,1.2
4965,5.3
4966,6.3
4967,40.47
4968,16.1
4969,25.0
4970,7.95
4971,2.65
4972,2.81
4973,17.5
4974,3.3
4975,5.34
4976,8.5
4977,2.69
4978,11.5
4979,4.06
4980,49.0
4981,4.6
4982,3.96
4983,5.6
4984,3.75
4985,5.5
4986,3.0
4987,3.0
4988,2.95
4989,2.45
4990,13.99
4991,60.75
4992,4.5
4993,2.5
4994,20.5
4995,3.9
4996,3.5
4997,8.3
4998,2.5
4999,2.65
5000,7.42
5001,4.63
5002,1.09
5003,3.8
5004,15.75
5005,5.27
5006,2.75
5007,7.4
5008,3.9
5009,0.7
5010,5.9
5011,9.58
5012,24.95
5013,4.29
5014,11.5
5015,9.65
5016,3.75
5017,1.1
5018,31.41
5019,6.0
5020,5.55
5021,10.91
5022,7.25
5023,3.9
5024,3.95
5025,22.0
5026,3.38
5027,3.45
5028,5.75
5029,2.75
5030,30.3
5031,7.5
5032,6.87
5033,15.2
5034,3.5
5035,5.85
5036,2.5
5037,3.95
5038,27.0
5039,6.75
5040,1.5
5041,3.9
5042,6.55
5043,9.44
5044,10.77
5045,7.5
5046,3.0
5047,11.75
5048,3.29
5049,6.5
5050,3.8
5051,18.0
5052,4.95
5053,4.52
5054,8.0
5055,6.26
5056,7.5
5057,3.35
5058,5.5
5059,5.25
5060,16.25
5061,2.7
5062,32.9
5063,3.41
5064,4.15
5065,5.9
5066,11.5
5067,4.75
5068,3.5
5069,7.25
5070,4.35
5071,4.99
5072,7.65
5073,9.0
5074,6.9
5075,2.9
5076,5.75
5077,8.0
5078,4.41
5079,4.95
5080,14.4
5081,2.95
5082,8.14
5083,8.45
5084,12.5
5085,6.5
5086,7.72
5087,8.0
5088,3.0
5089,29.0
5090,4.11
5091,5.37
5092,6.55
5093,7.0
5094,5.48
5095,6.51
5096,5.15
5097,9.0
5098,2.75
5099,12.5
5100,7.69
5101,4.57
5102,4.5
5103,4.9
5104,1.65
5105,3.25
5106,6.25
5107,12.13
5108,3.25
5109,29.0
5110,5.53
5111,8.75
5112,37.9
5113,2.4
5114,4.55
5115,2.65
5116,1.6
5117,25.72
5118,4.15
5119,7.23
5120,2.6
5121,7.25
5122,14.29
5123,17.25
5124,7.5
5125,4.35
5126,8.9
5127,3.5
5128,6.1
5129,3.2
5130,4.9
5131,3.69
5132,3.98
5133,2.95
5134,15.21
5135,6.3
5136,6.69
5137,9.5
5138,2.65
5139,7.5
5140,5.63
5141,11.78
5142,0.85
5143,3.35
5144,4.11
5145,25.51
5146,3.1
5147,33.5
5148,4.8
5149,3.49
5150,5.15
5151,14.41
5152,4.75
5153,19.0
5154,4.9
5155,6.3
5156,2.4
5157,3.0
5158,4.25
5159,6.3
5160,8.15
5161,3.22
5162,7.65
5163,30.0
5164,2.3
5165,22.0
5166,3.28
5167,7.09
5168,6.46
5169,4.0
5170,11.0
5171,49.79
5172,4.8
5173,35.0
5174,21.99
5175,1.1
5176,6.6
5177,4.5
5178,1.0
5179,6.9
5180,16.75
5181,25.49
5182,35.5
5183,6.28
5184,4.88
5185,3.7
5186,3.45
5187,10.23
5188,6.5
5189,6.15
5190,2.9
5191,5.5
5192,31.0
5193,4.25
5194,5.48
5195,7.25
5196,3.0
5197,29.5
5198,1.49
5199,3.65
5200,10.9
5201,4.3
5202,6.11
5203,15.5
5204,6.9
5205,4.69
5206,3.19
5207,3.75
5208,8.6
5209,3.85
5210,67.83
5211,9.31
5212,3.0
5213,5.5
5214,13.3
5215,23.0
5216,3.35
5217,10.0
5218,2.95
5219,6.75
5220,2.44
5221,5.85
5222,7.4
5223,3.8
5224,3.8
5225,2.7
5226,7.21
5227,7.9
5228,4.2
5229,5.75
5230,3.45
5231,25.75
5232,16.59
5233,4.69
5234,7.5
5235,16.5
5236,1.99
5237,5.25
5238,5.4
5239,3.9
5240,5.8
5241,30.5
5242,5.6
5243,23.0
5244,5.15
5245,9.48
5246,2.38
5247,3.8
5248,5.5
5249,3.55
5250,6.35
5251,36.0
5252,1.1
5253,3.7
5254,13.5
5255,2.85
5256,2.13
5257,7.75
5258,2.85
5259,4.95
5260,6.2
5261,17.5
5262,2.25
5263,6.75
5264,9.73
5265,8.49
5266,25.0
5267,5.59
5268,4.8
5269,5.45
5270,6.5
5271,4.35
5272,3.75
5273,12.0
5274,32.0
5275,4.0
5276,2.6
5277,4.45
5278,2.6
5279,16.0
5280,32.5
5281,13.85
5282,8.76
5283,23.68
5284,5.5
5285,65.81
5286,4.99
5287,5.7
5288,11.99
5289,29.99
5290,9.5
5291,5.5
5292,23.0
5293,2.95
5294,4.9
5295,4.25
5296,16.36
5297,9.95
5298,5.5
5299,8.25
5300,0.95
5301,4.01
5302,8.2
5303,6.2
5304,16.75
5305,16.5
5306,3.5
5307,5.43
5308,30.35
5309,7.99
5310,3.59
5311,1.9
5312,4.7
5313,7.25
5314,24.46
5315,3.9
5316,5.15
5317,3.65
5318,5.0
5319,2.3
5320,0.75
5321,1.85
5322,1.8
5323,4.41
5324,2.0
5325,31.75
5326,32.0
5327,21.0
5328,2.75
5329,2.64
5330,14.19
5331,3.85
5332,15.5
5333,1.9
5334,1.26
5335,2.4
5336,11.5
5337,8.25
5338,2.75
5339,1.4
5340,2.9
5341,2.4
5342,4.75
5343,44.76
5344,6.22
5345,4.5
5346,4.25
5347,5.5
5348,6.95
5349,4.56
5350,13.82
5351,5.65
5352,6.2
5353,3.25
5354,8.5
5355,7.25
5356,4.61
5357,5.3
5358,1.9
5359,3.09
5360,9.5
5361,12.65
5362,4.25
5363,2.95
5364,3.45
5365,3.3
5366,8.0
5367,2.71
5368,2.7
5369,4.5
5370,18.75
5371,5.25
5372,3.2
5373,6.0
5374,3.14
5375,2.55
5376,2.3
5377,5.65
5378,48.22
5379,3.0
5380,7.5
5381,2.6
5382,61.25
5383,3.5
5384,28.95
5385,15.0
5386,4.25
5387,59.0
5388,6.6
5389,5.2
5390,10.0
5391,35.0
5392,8.75
5393,4.57
5394,2.5
5395,20.11
5396,7.8
5397,3.61
5398,4.6
5399,85.0
5400,5.25
5401,3.3
5402,17.75
5403,35.0
5404,13.39
5405,2.5
5406,18.36
5407,5.95
5408,11.0
5409,64.75
5410,6.3
5411,11.94
5412,5.95
5413,11.0
5414,12.53
5415,3.75
5416,27.0
5417,9.95
5418,4.2
5419,2.0
5420,3.25
5421,34.0
5422,30.37
5423,12.6
5424,5.09
5425,24.5
5426,7.97
5427,2.9
5428,21.33
5429,6.5
5430,12.15
5431,4.25
5432,35.84
5433,3.0
5434,6.75
5435,5.65
5436,7.5
5437,13.34
5438,7.9
5439,6.98
5440,5.75
5441,2.65
5442,2.49
5443,1.5
5444,6.5
5445,8.0
5446,30.85
5447,17.15
5448,4.55
5449,7.4
5450,25.64
5451,13.5
5452,3.55
5453,15.0
5454,1.95
5455,2.3
5456,15.0
5457,3.15
5458,5.0
5459,24.75
5460,2.6
5461,3.75
5462,4.85
5463,27.0
5464,3.0
5465,28.75
5466,14.49
5467,72.0
5468,4.0
5469,4.5
5470,6.25
5471,11.5
5472,3.1
5473,10.11
5474,11.54
5475,1.0
5476,2.5
5477,18.0
5478,6.85
5479,2.97
5480,4.75
5481,7.38
5482,42.75
5483,3.65
5484,5.99
5485,13.5
5486,7.0
5487,10.95
5488,2.95
5489,5.5
5490,17.08
5491,6.85
5492,10.5
5493,8.75
5494,2.7
5495,4.25
5496,7.9
5497,4.5
5498,4.0
5499,4.75
5500,7.65
5501,3.47
5502,5.64
5503,2.95
5504,5.65
5505,8.41
5506,0.85
5507,0.8
5508,5.65
5509,4.5
5510,6.9
5511,4.0
5512,5.6
5513,2.2
5514,4.0
5515,16.0
5516,12.6
5517,4.79
5518,3.65
5519,6.83
5520,0.51
5521,0.69
5522,4.65
5523,6.49
5524,2.9
5525,7.4
5526,3.25
5527,1.95
5528,4.0
5529,6.85
5530,5.45
5531,1.99
5532,8.99
5533,6.5
5534,9.27
5535,6.99
5536,36.76
5537,17.08
5538,2.8
5539,2.49
5540,8.85
5541,4.15
5542,10.0
5543,4.75
5544,3.2
5545,3.28
5546,7.5
5547,7.39
5548,3.65
5549,11.0
5550,3.0
5551,2.25
5552,2.83
5553,4.11
5554,14.7
5555,25.0
5556,2.35
5557,6.41
5558,5.75
5559,17.55
5560,10.25
5561,3.16
5562,22.5
5563,3.55
5564,9.86
5565,45.0
5566,7.99
5567,6.5
5568,0.75
5569,9.87
5570,6.36
5571,9.5
5572,6.05
5573,2.15
5574,5.5
5575,1.25
5576,11.99
5577,2.5
5578,11.66
5579,0.53
5580,3.1
5581,2.6
5582,5.09
5583,2.3
5584,6.0
5585,4.4
5586,11.0
5587,5.7
5588,6.95
5589,7.9
5590,29.3
5591,10.24
5592,5.35
5593,3.49
5594,2.85
5595,5.35
5596,3.62
5597,6.25
5598,3.19
5599,5.5
5600,7.67
5601,5.5
5602,6.6
5603,55.0
5604,21.0
5605,4.5
5606,20.67
5607,6.5
5608,37.98
5609,1.45
5610,2.95
5611,7.9
5612,10.07
5613,6.5
5614,22.0
5615,9.75
5616,6.0
5617,3.99
5618,19.75
5619,16.95
5620,6.8
5621,2.95
5622,42.83
5623,21.5
5624,7.9
5625,2.3
5626,2.75
5627,6.71
5628,9.6
5629,12.81
5630,6.94
5631,9.45
5632,6.0
5633,11.0
5634,2.6
5635,1.95
5636,45.0
5637,22.0
5638,4.9
5639,6.25
5640,6.1
5641,2.6
5642,120.0
5643,29.0
5644,3.3
5645,3.05
5646,3.25
5647,3.75
5648,13.25
5649,4.8
5650,3.8
5651,8.5
5652,38.76
5653,3.2
5654,3.5
5655,12.25
5656,4.75
5657,4.5
5658,2.35
5659,3.4
5660,10.0
5661,9.0
5662,5.2
5663,1.85
5664,38.0
5665,5.11
5666,9.66
5667,3.4
5668,5.84
5669,3.8
5670,2.5
5671,6.95
5672,5.5
5673,6.19
5674,6.0
5675,3.75
5676,9.46
5677,3.0
5678,5.75
5679,4.41
5680,3.7
5681,2.5
5682,5.35
5683,3.65
5684,13.0
5685,2.45
5686,5.75
5687,8.11
5688,7.75
5689,5.85
5690,4.29
5691,8.0
5692,16.5
5693,5.5
5694,6.35
5695,7.9
5696,7.2
5697,3.65
5698,6.35
5699,7.8
5700,1.4
5701,5.5
5702,8.5
5703,10.48
5704,0.75
5705,1.3
5706,21.0
5707,2.3
5708,14.95
5709,35.92
5710,4.5
5711,5.5
5712,4.45
5713,6.85
5714,5.5
5715,5.07
5716,3.85
5717,7.95
5718,1.25
5719,3.64
5720,20.0
5721,10.36
5722,4.05
5723,48.5
5724,8.25
5725,5.25
5726,4.4
5727,25.75
5728,29.52
5729,2.1
5730,3.71
5731,7.5
5732,9.44
5733,24.0
5734,35.0
5735,8.25
5736,9.75
5737,3.45
5738,11.85
5739,16.14
5740,3.7
5741,4.0
5742,5.8
5743,4.65
5744,15.0
5745,6.8
5746,10.25
5747,2.7
5748,8.5
5749,7.75
5750,2.7
5751,1.3
5752,13.2
5753,1.0
5754,6.37
5755,4.5
5756,6.5
5757,4.99
5758,43.3
5759,6.5
5760,2.25
5761,9.95
5762,7.35
5763,4.6
5764,8.5
5765,11.86
5766,8.0
5767,21.5
5768,1.3
5769,5.9
5770,9.5
5771,4.5
5772,2.25
5773,3.35
5774,0.7
5775,16.0
5776,8.0
5777,100.0
5778,4.74
5779,36.0
5780,5.54
5781,22.99
5782,10.08
5783,0.55
5784,45.52
5785,7.29
5786,4.3
5787,4.8
5788,5.25
5789,2.8
5790,4.35
5791,5.49
5792,3.1
5793,6.5
5794,6.4
5795,6.22
5796,8.4
5797,5.9
5798,3.4
5799,6.5
5800,6.0
5801,11.9
5802,48.0
5803,8.0
5804,2.45
5805,1.75
5806,21.75
5807,7.25
5808,3.0
5809,2.51
5810,19.6
5811,15.5
5812,11.5
5813,1.76
5814,4.68
5815,4.0
5816,2.8
5817,8.25
5818,1.7
5819,14.85
5820,12.85
5821,16.0
5822,4.7
5823,5.94
5824,8.0
5825,5.45
5826,26.76
5827,3.5
5828,1.39
5829,4.7
5830,5.75
5831,8.11
5832,0.75
5833,1.0
5834,5.3
5835,8.0
5836,2.74
5837,7.5
5838,13.5
5839,2.2
5840,13.25
5841,0.85
5842,5.11
5843,4.25
5844,16.52
5845,0.6
5846,4.8
5847,6.25
5848,8.3
5849,3.25
5850,7.75
5851,30.54
5852,2.27
5853,2.96
5854,4.0
5855,5.25
5856,17.56
5857,3.25
5858,4.0
5859,2.2
5860,7.43
5861,10.75
5862,2.75
5863,45.0
5864,19.75
5865,3.2
5866,4.75
5867,9.48
5868,4.83
5869,4.75
5870,4.0
5871,2.9
5872,2.65
5873,2.5
